<?xml version="1.0" encoding="UTF-8"?>
<beans xmlns="http://www.springframework.org/schema/beans"
	xmlns:xsi="http://www.w3.org/2001/XMLSchema-instance" xmlns:p="http://www.springframework.org/schema/p"
	xmlns:mvc="http://www.springframework.org/schema/mvc" xmlns:context="http://www.springframework.org/schema/context"
	xsi:schemaLocation="
        http://www.springframework.org/schema/beans
        http://www.springframework.org/schema/beans/spring-beans.xsd
        http://www.springframework.org/schema/mvc
        http://www.springframework.org/schema/mvc/spring-mvc.xsd     
        http://www.springframework.org/schema/context
        http://www.springframework.org/schema/context/spring-context.xsd">

	<context:component-scan base-package="app10b.controller" />
	<context:component-scan base-package="app10b.formatter" />

	<mvc:annotation-driven conversion-service="conversionService" />

	<mvc:resources mapping="/css/**" location="/css/" />
	<mvc:resources mapping="/*.html" location="/" />

	<bean id="viewResolver"
		class="org.springframework.web.servlet.view.InternalResourceViewResolver">
		<property name="prefix" value="/WEB-INF/jsp/" />
		<property name="suffix" value=".jsp" />
	</bean>






	<bean id="conversionService"
		class="org.springframework.format.support.FormattingConversionServiceFactoryBean">

		<property name="formatters">
			<set>
				<bean class="app10b.formatter.DateFormatter">
					<constructor-arg type="java.lang.String" value="MM-dd-yyyy" />
				</bean>
			</set>
		</property>
	</bean>

	<bean id="messageSource"
		class="org.springframework.context.support.ReloadableResourceBundleMessageSource">
		<property name="basename" value="/WEB-INF/resource/global" />
	</bean>
<!-- 
	<bean id="localeResolver"
	    class="org.springframework.web.servlet.i18n.CookieLocaleResolver">
	    <property name="defaultLocale" value="en"/>
	</bean>	
-->
	<bean id="localeChangeInterceptor"
		class="org.springframework.web.servlet.i18n.LocaleChangeInterceptor">
		<property name="paramName" value="lang" />
	</bean>

	<bean id="handlerMapping"
		class="org.springframework.web.servlet.mvc.method.annotation.RequestMappingHandlerMapping">
		<property name="interceptors">
            <list>
    			<ref bean="localeChangeInterceptor" />
			</list>
		</property>
	</bean>
</beans>